Identifier	logFC
Spp2	20.24209064
Ccn5	-1.7727406615
Stat1	18.936646694
Slc16a1	2.322913262
Nipsnap2	15.5422515395
Folr2	15.728081828
Rtn4	1.78377106549999
Apoa1	1.633690969
Obscn	15.786432062
Lox	-2.24100487
Plxnb2	1.8485654465
Sod2	2.2588395035
Tnnt2	3.0464867095
Rbm14	16.07737772
Ighm	3.0809324575
Msra	15.33117554
Coq9	3.126122119
Lrp1	10.4727836895
Rplp0	16.79825
Reg3g	15.48766286
Apoe	1.705776909
Tcp1	15.327365378
Iars2	15.6699896665
Tnnc1	12.5059699335
Chchd3	1.0648729305